{"cameraMode":{"drawMode":0,"name":"Shaded","section":"Shading Mode"},"sceneLighting":true,"audioPlay":false,"sceneViewState":{"m_AlwaysRefresh":false,"showFog":true,"showSkybox":true,"showFlares":true,"showImageEffects":true,"showParticleSystems":true,"showVisualEffectGraphs":true,"m_FxEnabled":true},"in2DMode":false,"pivot":{"x":8.313910484313965,"y":-61.331878662109378,"z":-2.285114049911499},"rotation":{"x":-0.7234675884246826,"y":-0.003752217162400484,"z":0.0038909628055989744,"w":-0.6903652548789978},"size":305.647705078125,"orthographic":false}