{"cameraMode":{"drawMode":0,"name":"Shaded","section":"Shading Mode"},"sceneLighting":true,"audioPlay":false,"sceneViewState":{"m_AlwaysRefresh":false,"showFog":true,"showSkybox":true,"showFlares":true,"showImageEffects":true,"showParticleSystems":true,"showVisualEffectGraphs":true,"m_FxEnabled":true},"in2DMode":false,"pivot":{"x":-47.80388641357422,"y":-18.224164962768556,"z":69.08784484863281},"rotation":{"x":-0.6383913159370422,"y":0.002088923007249832,"z":-0.0017454026965424419,"w":-0.7697265148162842},"size":164.2908172607422,"orthographic":false}