{"cameraMode":{"drawMode":0,"name":"Shaded","section":"Shading Mode"},"sceneLighting":true,"audioPlay":false,"sceneViewState":{"m_AlwaysRefresh":false,"showFog":true,"showSkybox":true,"showFlares":true,"showImageEffects":true,"showParticleSystems":true,"showVisualEffectGraphs":true,"m_FxEnabled":true},"in2DMode":false,"pivot":{"x":-38.00175476074219,"y":-40.201446533203128,"z":11.935174942016602},"rotation":{"x":-0.7331324219703674,"y":0.000024223900254582986,"z":-0.00002626908099045977,"w":-0.6801117658615112},"size":159.40676879882813,"orthographic":false}